"name","Official_Influence","Private_Cohesion","Sentiment_Score","party","poll","Total_Influence"
"노영민",0.140521964839805,0.0571428571428571,0,"더불어민주당",8,0.0790659287930648
"임호선",0.0956344684981221,0.0952380952380952,0,"더불어민주당",7,0.076349025494487
"송기섭",0.0119047619047619,0.142857142857143,0,"더불어민주당",8,0.0619047619047619
"이종배",0.0793650793650793,0.0571428571428571,0,"국민의힘",4,0.0546031746031746
"신용한",0.133064018608307,0,0,"더불어민주당",9,0.0532256074433228
"윤희근",0.100374369269166,0,0,"국민의힘",2,0.0401497477076664
"한범덕",0.0119047619047619,0,0,"더불어민주당",3,0.00476190476190476
