"name","Official_Influence","Private_Cohesion","Sentiment_Score","party","poll","Total_Influence"
"노영민",0.277777777777778,0,0,"더불어민주당",8,0.111111111111111
"송기섭",0.277777777777778,0,0,"더불어민주당",8,0.111111111111111
"신용한",0.277777777777778,0,0,"더불어민주당",9,0.111111111111111
"윤희근",0.0416666666666667,0,0,"국민의힘",2,0.0166666666666667
"이종배",0.0416666666666667,0,0,"국민의힘",4,0.0166666666666667
"임호선",0.0416666666666667,0,0,"더불어민주당",7,0.0166666666666667
"한범덕",0.0416666666666667,0,0,"더불어민주당",3,0.0166666666666667
